ts,endpoint,status,latency_ms,attempts,idempotency_key,resent
1791211282.897,payment,201,127.0,1,ed98231c-55df-4c7e-8316-40189fc9e764,0
1791211282.948,timetable,200,14.9,1,,
1791211283.004,timetable,200,18.5,1,,
1791211283.064,payment,201,28.7,1,ddf752d7-9ba6-4bcb-ab14-7acb552c474a,0
1791211283.108,timetable,200,6.0,1,,
1791211283.193,timetable,200,3.3,1,,
1791211283.196,registration,201,6.8,1,,
1791211283.255,payment,201,21.7,1,6e88fff1-9c70-4166-b037-79637997246d,0
1791211283.321,timetable,200,5.7,1,,
1791211283.355,timetable,200,5.3,1,,
1791211283.415,payment,201,35.1,1,33fdd178-8512-42f3-befc-7c134b6b50b8,0
1791211283.45,timetable,200,12.8,1,,
1791211283.509,timetable,200,4.1,1,,
1791211283.555,transcript,200,21.1,1,,
1791211283.599,timetable,200,4.0,1,,
1791211283.675,timetable,200,3.7,1,,
1791211283.708,payment,201,23.7,1,03982c12-04ea-4b97-907f-e261aa6c546a,0
1791211283.755,payment,201,17.5,1,21e5fcac-cbb6-4903-8d03-37822ad29ea4,0
1791211283.811,timetable,200,4.5,1,,
1791211283.847,student,200,4.1,1,,
1791211283.899,transcript,200,25.8,1,,
1791211283.951,timetable,200,6.0,1,,
1791211284.017,payment,201,24.4,1,fb0b37cc-195f-47a4-8803-dd36e4c81785,0
1791211284.052,timetable,200,4.7,1,,
1791211284.101,student,200,5.1,1,,
1791211284.152,student,200,4.9,1,,
1791211284.232,timetable,200,4.0,1,,
1791211284.251,payment,201,21.4,1,10369055-8102-46a1-897b-4f1bd73b0f28,0
1791211284.343,payment,201,32.4,1,a283a792-8170-405c-878d-aeb5f0babc72,0
1791211284.35,payment,201,27.2,1,66079b0a-e810-41de-bfd5-0a526ac12c9a,0
1791211284.419,student,200,5.0,1,,
1791211284.504,student,200,8.6,1,,
1791211284.505,payment,201,30.9,1,ddf752d7-9ba6-4bcb-ab14-7acb552c474a,1
1791211284.549,timetable,200,6.8,1,,
1791211284.618,registration,201,6.3,1,,
1791211284.666,payment,201,22.9,1,e2207364-2e66-41fb-9029-863cf3954c19,0
1791211284.713,timetable,200,4.9,1,,
1791211284.754,timetable,200,5.0,1,,
1791211284.806,payment,201,28.8,1,921a4cda-8867-4a86-b504-9d30deb75900,0
1791211284.852,payment,201,22.2,1,d39bfcd1-3777-4649-a8ad-9c0900013213,0
1791211284.901,payment,201,24.9,1,a283a792-8170-405c-878d-aeb5f0babc72,1
1791211284.957,timetable,200,3.7,1,,
1791211285.045,registration,201,49.6,1,,
1791211285.046,student,200,11.0,1,,
1791211285.102,timetable,200,7.3,1,,
1791211285.162,timetable,200,5.1,1,,
1791211285.219,timetable,200,4.4,1,,
1791211285.27,student,200,4.7,1,,
1791211285.353,student,200,4.9,1,,
1791211285.354,timetable,200,4.8,1,,
1791211285.419,timetable,200,4.6,1,,
1791211285.466,timetable,200,4.8,1,,
1791211285.518,timetable,200,6.1,1,,
1791211285.575,payment,201,29.4,1,ed98231c-55df-4c7e-8316-40189fc9e764,1
1791211285.598,student,200,5.5,1,,
1791211285.656,payment,201,25.8,1,fb0b37cc-195f-47a4-8803-dd36e4c81785,1
1791211285.71,transcript,200,19.9,1,,
1791211285.755,timetable,200,4.0,1,,
1791211285.825,payment,201,86.5,1,f17a8436-7ee4-4c4c-9eb9-4a0bbd1d9860,0
1791211285.859,payment,201,55.7,1,002f8a1b-7d89-4bfc-bab1-209b689bb673,0
1791211285.898,timetable,200,7.3,1,,
1791211285.957,transcript,200,89.0,1,,
1791211286.013,registration,201,20.7,1,,
1791211286.049,payment,201,16.5,1,872af24c-25ef-44a1-90a6-23e32bfd7209,0
1791211286.099,timetable,200,6.8,1,,
1791211286.177,timetable,200,4.2,1,,
1791211286.207,student,200,4.1,1,,
1791211286.282,timetable,200,4.2,1,,
1791211286.315,student,200,5.0,1,,
1791211286.367,transcript,200,22.1,1,,
1791211286.402,registration,201,6.9,1,,
1791211286.454,payment,201,19.1,1,d9046143-f849-4a72-906c-802f9da4e485,0
1791211286.513,timetable,200,4.3,1,,
1791211286.56,student,200,4.9,1,,
1791211286.611,payment,201,36.8,1,4ebcee1d-5c73-4962-9e1a-9fd712427049,0
1791211286.647,transcript,200,23.4,1,,
1791211286.699,timetable,200,6.0,1,,
1791211286.749,payment,201,16.7,1,7d5fcc3f-6dde-4bbe-95ed-1e3df5dd7482,0
1791211286.802,registration,201,7.8,1,,
1791211286.857,timetable,200,5.1,1,,
1791211286.928,student,200,5.2,1,,
1791211286.953,transcript,200,23.2,1,,
1791211287.001,student,200,5.7,1,,
1791211287.102,timetable,200,5.6,1,,
1791211287.103,timetable,200,5.2,1,,
1791211287.149,student,200,3.1,1,,
1791211287.202,timetable,200,4.3,1,,
1791211287.307,timetable,200,5.7,1,,
1791211287.308,payment,201,20.6,1,8fedc21d-c462-4652-a61e-777fa505804a,0
1791211287.366,timetable,200,5.1,1,,
1791211287.433,student,200,5.0,1,,
1791211287.454,student,200,4.8,1,,
1791211287.525,timetable,200,7.3,1,,
1791211287.561,timetable,200,4.8,1,,
1791211287.636,timetable,200,6.4,1,,
1791211287.692,student,200,3.5,1,,
1791211287.7,timetable,200,3.3,1,,
1791211287.757,payment,201,22.5,1,041b7ce4-5083-4ee0-ada1-1231f93bf45b,0
1791211287.802,timetable,200,4.1,1,,
1791211287.862,transcript,200,23.0,1,,
1791211287.903,transcript,200,22.5,1,,
1791211287.952,timetable,200,5.7,1,,
1791211288.001,payment,201,23.9,1,c5dc0449-f004-405e-94a6-5f0684b248ce,0
1791211288.074,timetable,200,6.9,1,,
1791211288.11,timetable,200,4.5,1,,
1791211288.148,registration,201,7.8,1,,
1791211288.254,payment,201,21.3,1,c8c4a9c6-1150-4454-9b00-10d5e08d7245,0
1791211288.255,transcript,200,18.2,1,,
1791211288.313,timetable,200,9.0,1,,
1791211288.385,transcript,200,23.4,1,,
1791211288.4,payment,201,27.1,1,ee179a30-3cd7-4932-abf4-fd0b7ef510b9,0
1791211288.455,timetable,200,7.1,1,,
1791211288.5,transcript,200,22.8,1,,
1791211288.56,timetable,200,5.5,1,,
1791211288.606,student,200,4.5,1,,
1791211288.657,payment,201,28.2,1,93e5ea20-66c4-4b48-8cf3-6ea14dc1222e,0
1791211288.704,timetable,200,5.2,1,,
1791211288.77,transcript,200,15.6,1,,
1791211288.8,student,200,5.5,1,,
1791211288.868,timetable,200,5.6,1,,
1791211288.901,payment,201,19.6,1,06397faa-575a-4911-b5f3-c8b2cce28650,0
1791211288.951,student,200,3.5,1,,
1791211289.01,transcript,200,16.1,1,,
1791211289.06,timetable,200,3.8,1,,
1791211289.105,payment,201,23.2,1,98a78775-abb0-44c6-ba4f-34337cfd738a,0
1791211289.236,payment,201,32.3,1,824071c0-ca53-4e6b-9bc3-bc0d156fe087,0
1791211289.237,timetable,200,7.6,1,,
1791211289.249,timetable,200,3.8,1,,
1791211289.349,student,200,6.2,1,,
1791211289.349,registration,201,7.6,1,,
1791211289.411,student,200,4.0,1,,
1791211289.459,student,200,3.9,1,,
1791211289.5,timetable,200,3.7,1,,
1791211289.564,timetable,200,5.4,1,,
1791211289.598,registration,201,3.9,1,,
1791211289.649,payment,201,26.2,1,43db3030-af10-49ac-84fe-369c87ed12f3,0
1791211289.701,payment,201,24.6,1,08df3b63-e40b-4f77-8471-54da55b3a602,0
1791211289.752,registration,201,9.0,1,,
1791211289.833,student,200,4.9,1,,
1791211289.866,student,200,5.0,1,,
1791211289.904,transcript,200,20.3,1,,
1791211289.957,student,200,5.0,1,,
1791211290.031,timetable,200,5.6,1,,
1791211290.049,payment,201,28.9,1,21e5fcac-cbb6-4903-8d03-37822ad29ea4,1
1791211290.099,timetable,200,5.2,1,,
1791211290.149,student,200,5.5,1,,
1791211290.241,transcript,200,25.6,1,,
1791211290.252,timetable,200,6.6,1,,
1791211290.307,timetable,200,4.5,1,,
1791211290.349,timetable,200,5.4,1,,
1791211290.398,timetable,200,4.8,1,,
1791211290.45,timetable,200,5.8,1,,
1791211290.5,timetable,200,34.4,1,,
1791211290.554,timetable,200,4.4,1,,
1791211290.606,timetable,200,4.9,1,,
1791211290.67,payment,201,22.4,1,9ab7f373-e40a-423f-9616-a4aefd60c363,0
1791211290.702,student,200,5.1,1,,
1791211290.763,student,200,7.0,1,,
1791211290.802,student,200,4.6,1,,
1791211290.853,registration,201,5.5,1,,
1791211290.941,transcript,200,24.0,1,,
1791211290.948,student,200,5.8,1,,
1791211291.001,timetable,200,3.9,1,,
1791211291.048,timetable,200,5.1,1,,
1791211291.124,registration,201,5.6,1,,
1791211291.157,timetable,200,4.1,1,,
1791211291.212,timetable,200,4.3,1,,
1791211291.25,timetable,200,5.1,1,,
1791211291.299,registration,201,7.9,1,,
1791211291.351,timetable,200,5.0,1,,
1791211291.402,timetable,200,3.8,1,,
1791211291.47,student,200,5.5,1,,
1791211291.499,payment,201,25.8,1,4bcdbb31-70e0-4647-b0fc-2562ce6b7f25,0
1791211291.552,student,200,5.7,1,,
1791211291.637,student,200,4.7,1,,
1791211291.653,transcript,200,18.8,1,,
1791211291.7,student,200,4.7,1,,
1791211291.795,transcript,200,23.0,1,,
1791211291.798,payment,201,46.5,1,872af24c-25ef-44a1-90a6-23e32bfd7209,1
1791211291.887,timetable,200,5.0,1,,
1791211291.899,transcript,200,20.5,1,,
1791211292.011,timetable,200,6.9,1,,
1791211292.012,timetable,200,6.3,1,,
1791211292.069,student,200,5.5,1,,
1791211292.107,student,200,7.9,1,,
1791211292.156,timetable,200,5.2,1,,
1791211292.227,transcript,200,21.4,1,,
1791211292.248,timetable,200,4.1,1,,
1791211292.332,timetable,200,8.0,1,,
1791211292.35,payment,201,32.3,1,897a46e6-843b-4eb1-a9ec-58b59619c43d,0
1791211292.44,timetable,200,4.8,1,,
1791211292.456,transcript,200,16.8,1,,
1791211292.499,student,200,5.2,1,,
1791211292.549,payment,502,42.0,1,73a0e4c7-abdd-4f47-8f9b-a6c54aac78b9,0
1791211292.598,timetable,200,8.9,1,,
1791211292.649,registration,201,4.9,1,,
1791211292.706,payment,0,10004.7,1,4ebcee1d-5c73-4962-9e1a-9fd712427049,1
1791211292.749,student,200,5.3,1,,
1791211292.799,timetable,200,7.9,1,,
1791211292.85,registration,201,16.9,1,,
1791211292.898,registration,201,12.8,1,,
1791211292.952,timetable,200,4.7,1,,
1791211293.001,payment,0,10014.1,1,8827de8d-a401-4ea2-8de0-64a1e8d68985,0
1791211293.066,student,200,8.9,1,,
1791211293.098,timetable,200,5.1,1,,
1791211293.161,student,200,5.1,1,,
1791211293.198,student,200,5.9,1,,
1791211293.249,transcript,200,30.6,1,,
1791211293.34,student,200,5.6,1,,
1791211293.346,timetable,200,8.0,1,,
1791211293.404,student,200,4.0,1,,
1791211293.449,payment,0,10016.1,1,d39bfcd1-3777-4649-a8ad-9c0900013213,1
1791211293.53,student,200,6.4,1,,
1791211293.549,timetable,200,5.6,1,,
1791211293.598,timetable,200,5.5,1,,
1791211293.656,transcript,200,18.5,1,,
1791211293.703,payment,0,10019.2,1,6452cbc3-0af6-425f-94ed-31baf96dbb59,0
1791211293.763,student,200,6.1,1,,
1791211293.808,timetable,200,4.1,1,,
1791211293.862,student,200,6.8,1,,
1791211293.899,timetable,200,5.5,1,,
1791211293.95,timetable,200,5.6,1,,
1791211294.048,timetable,200,7.2,1,,
1791211294.048,transcript,200,21.4,1,,
1791211294.125,payment,0,10006.5,1,a3f75d13-3ea4-47e8-8487-5d317ccf181f,0
1791211294.17,student,200,3.9,1,,
1791211294.212,timetable,200,4.3,1,,
1791211294.262,payment,0,10003.9,1,b7f30ce5-6a0d-478d-940a-c2dcf05d7b9f,0
1791211294.314,student,200,5.8,1,,
1791211294.351,timetable,200,3.1,1,,
1791211294.399,timetable,200,4.6,1,,
1791211294.45,timetable,200,5.3,1,,
1791211294.51,registration,201,5.9,1,,
1791211294.605,payment,0,10005.6,1,526c523f-8197-4538-a31d-775aabc0a97c,0
1791211294.606,timetable,200,7.9,1,,
1791211294.671,timetable,200,5.5,1,,
1791211294.703,payment,0,10014.4,1,863abe4c-43b0-4004-bc28-dfc0a754f7b9,0
1791211294.81,payment,0,10010.6,1,b447229e-691e-4a29-9c5a-a9ccf9e5d63d,0
1791211294.811,timetable,200,7.3,1,,
1791211294.853,registration,201,6.3,1,,
1791211294.924,timetable,200,11.2,1,,
1791211294.954,student,200,5.5,1,,
1791211295.017,registration,201,3.8,1,,
1791211295.059,student,200,3.9,1,,
1791211295.112,timetable,200,4.1,1,,
1791211295.165,student,200,3.5,1,,
1791211295.235,transcript,200,23.5,1,,
1791211295.249,payment,0,10006.9,1,6ae7c007-4d20-4805-9302-180d6e1155a8,0
1791211295.304,timetable,200,5.5,1,,
1791211295.351,timetable,200,5.8,1,,
1791211295.4,payment,0,10022.1,1,e99fb325-03d5-4ff6-a10c-91ce456d2303,0
1791211295.464,payment,0,10023.5,1,85d0f713-2558-4fa4-b358-96afd5e1f52f,0
1791211295.505,student,200,4.8,1,,
1791211295.551,student,200,2.4,1,,
1791211295.604,student,200,4.2,1,,
1791211295.653,timetable,200,4.7,1,,
1791211295.7,timetable,200,3.4,1,,
1791211295.754,student,200,5.0,1,,
1791211295.805,registration,201,6.1,1,,
1791211295.87,transcript,200,26.4,1,,
1791211295.896,transcript,200,19.5,1,,
1791211295.951,timetable,200,3.6,1,,
1791211295.998,transcript,200,15.9,1,,
1791211296.052,timetable,200,3.7,1,,
1791211296.105,registration,201,6.3,1,,
1791211296.158,student,200,3.8,1,,
1791211296.207,timetable,200,3.3,1,,
1791211296.25,student,200,2.8,1,,
1791211296.356,transcript,200,19.2,1,,
1791211296.356,payment,0,10019.5,1,b4466f38-c292-4f9c-a11d-4184c86159bb,0
1791211296.403,registration,201,6.7,1,,
1791211296.46,timetable,200,7.3,1,,
1791211296.506,payment,0,10009.1,1,7f3e454a-13ce-41f2-bb15-3fb65699a74e,0
1791211296.564,timetable,200,6.2,1,,
1791211296.637,payment,0,10041.3,1,c4b4bc14-3648-4a61-95ed-5891d96bd5e6,0
1791211296.65,timetable,200,5.2,1,,
1791211296.732,timetable,200,3.3,1,,
1791211296.75,transcript,200,18.1,1,,
1791211296.839,timetable,200,4.6,1,,
1791211296.85,registration,201,4.7,1,,
1791211296.944,student,200,4.4,1,,
1791211296.948,registration,201,3.8,1,,
1791211297.01,timetable,200,4.6,1,,
1791211297.053,timetable,200,4.8,1,,
1791211297.111,payment,0,10005.9,1,44f0654a-6b7e-4756-bb01-c43d162d9708,0
1791211297.151,student,200,5.0,1,,
1791211297.218,timetable,200,5.2,1,,
1791211297.252,student,200,4.3,1,,
1791211297.305,timetable,200,4.3,1,,
1791211297.357,payment,0,10013.1,1,cac77189-6a40-4179-9101-a19c32db53fe,0
1791211297.398,registration,201,12.2,1,,
1791211297.449,registration,201,5.3,1,,
1791211297.499,registration,201,4.8,1,,
1791211297.606,student,200,4.8,1,,
1791211297.607,student,200,5.7,1,,
1791211297.66,payment,0,10032.7,1,a3f75d13-3ea4-47e8-8487-5d317ccf181f,1
1791211297.709,student,200,5.0,1,,
1791211297.769,timetable,200,4.0,1,,
1791211297.814,timetable,200,4.7,1,,
1791211297.851,registration,201,4.1,1,,
1791211297.933,timetable,200,4.6,1,,
1791211297.953,student,200,5.2,1,,
1791211298.002,timetable,200,7.1,1,,
1791211298.1,timetable,200,4.6,1,,
1791211298.1,payment,0,10016.9,1,fcfd5953-f805-4798-9abd-ad813ee5e241,0
1791211298.153,timetable,200,4.4,1,,
1791211298.235,timetable,200,4.2,1,,
1791211298.249,timetable,200,3.7,1,,
1791211298.342,transcript,200,16.4,1,,
1791211298.352,timetable,200,5.7,1,,
1791211298.426,payment,0,10011.6,1,6547794a-90b1-40bc-bb8f-3e7a7e376449,0
1791211298.457,timetable,200,8.1,1,,
1791211298.511,payment,0,10005.3,1,a3ef233f-b994-46f5-9741-8214ff44e1f4,0
1791211298.569,student,200,6.6,1,,
1791211298.62,student,200,8.6,1,,
1791211298.652,student,200,5.9,1,,
1791211298.7,student,200,4.3,1,,
1791211298.763,timetable,200,6.2,1,,
1791211298.804,transcript,200,22.4,1,,
1791211298.857,payment,0,10018.4,1,1c6832af-079a-4d6e-834e-ca62d5b03b82,0
1791211298.907,timetable,200,5.8,1,,
1791211298.948,payment,0,10013.0,1,863abe4c-43b0-4004-bc28-dfc0a754f7b9,1
1791211299.015,timetable,200,10.3,1,,
1791211299.051,timetable,200,6.6,1,,
1791211299.098,timetable,200,5.5,1,,
1791211299.148,timetable,200,6.1,1,,
1791211299.2,transcript,200,15.3,1,,
1791211299.264,payment,0,10006.4,1,c5abf3aa-fa18-44cb-b2f1-eb1e763c4cae,0
1791211299.325,timetable,200,7.9,1,,
1791211299.389,student,200,7.8,1,,
1791211299.397,timetable,200,6.5,1,,
1791211299.475,timetable,200,6.8,1,,
1791211299.512,timetable,200,6.5,1,,
1791211299.562,student,200,6.4,1,,
1791211299.6,transcript,200,20.7,1,,
1791211299.695,student,200,7.5,1,,
1791211299.697,student,200,6.5,1,,
1791211299.846,student,200,8.5,1,,
1791211299.846,student,200,9.3,1,,
1791211299.847,payment,0,10032.5,1,878ea2a0-6d0b-42b9-b68c-c5b64cd755e5,0
1791211299.938,student,200,5.7,1,,
1791211299.954,timetable,200,5.3,1,,
1791211300.014,student,200,6.6,1,,
1791211300.057,student,200,6.2,1,,
1791211300.135,timetable,200,4.9,1,,
1791211300.15,timetable,200,6.3,1,,
1791211300.202,payment,0,10003.0,1,4553e4ca-be07-42e8-b258-48aa5fbc8fe9,0
1791211300.264,registration,201,6.2,1,,
1791211300.359,student,200,7.3,1,,
1791211300.36,payment,0,10005.4,1,cfe6b69b-9ac8-49d2-9645-3e0057b1ca5c,0
1791211300.398,student,200,7.0,1,,
1791211300.448,payment,0,10004.4,1,ccf88510-98df-4bed-a6d0-04db14c8cada,0
1791211300.499,timetable,200,8.4,1,,
1791211300.548,student,200,5.2,1,,
1791211300.599,timetable,200,20.5,1,,
1791211300.657,timetable,200,5.6,1,,
1791211300.704,registration,201,8.5,1,,
1791211300.764,transcript,200,20.7,1,,
1791211300.809,payment,0,10005.0,1,2c7f03dc-e828-4b21-8bee-42425dbdad11,0
1791211300.866,timetable,200,4.8,1,,
1791211300.928,registration,201,7.8,1,,
1791211300.951,transcript,200,16.6,1,,
1791211301.0,timetable,200,4.6,1,,
1791211301.059,timetable,200,5.7,1,,
1791211301.109,timetable,200,4.6,1,,
1791211301.173,transcript,200,19.8,1,,
1791211301.206,timetable,200,7.7,1,,
1791211301.269,timetable,200,7.3,1,,
1791211301.313,student,200,6.2,1,,
1791211301.349,registration,201,7.1,1,,
1791211301.41,timetable,200,8.0,1,,
1791211301.45,registration,201,5.5,1,,
1791211301.5,timetable,200,7.0,1,,
1791211301.549,payment,0,10009.8,1,67510317-e393-4e4a-ae2a-c2cda6e3ae3d,0
1791211301.6,timetable,200,5.8,1,,
1791211301.649,timetable,200,9.0,1,,
1791211301.732,payment,0,10024.3,1,3dc45363-61da-4441-b46c-14ce0a6ba52a,0
1791211301.753,payment,0,10004.1,1,f7d9938f-2605-4a47-9ea4-5d9c2c1d1008,0
1791211301.806,transcript,200,31.1,1,,
1791211301.847,payment,0,10011.2,1,da05928c-82d2-42ba-8188-f5d9fa9e6104,0
1791211301.913,payment,0,10018.5,1,3d264b93-1003-4d85-b269-5a902b18f60c,0
1791211302.009,student,200,8.8,1,,
1791211302.01,payment,0,10011.2,1,3712233e-182d-4cdb-abdb-0edda9f22b3d,0
1791211302.058,payment,0,10063.5,1,03982c12-04ea-4b97-907f-e261aa6c546a,1
1791211302.121,transcript,200,17.3,1,,
1791211302.15,timetable,200,4.8,1,,
1791211302.198,registration,201,6.1,1,,
1791211302.255,registration,201,8.7,1,,
1791211302.347,payment,0,10006.6,1,b4466f38-c292-4f9c-a11d-4184c86159bb,1
1791211302.348,timetable,200,6.0,1,,
1791211302.434,transcript,200,19.7,1,,
1791211302.448,student,200,5.4,1,,
1791211302.511,payment,0,10008.7,1,b447229e-691e-4a29-9c5a-a9ccf9e5d63d,1
1791211302.554,payment,0,10004.6,1,ae1fa6ab-0990-4b20-ba8f-393df707f818,0
1791211302.614,registration,201,6.4,1,,
1791211302.687,timetable,200,12.4,1,,
1791211302.699,transcript,200,30.7,1,,
1791211302.765,student,200,4.9,1,,
1791211302.806,timetable,200,7.4,1,,
1791211302.896,registration,201,15.9,1,,
1791211302.897,registration,201,16.6,1,,
1791211302.954,student,200,6.2,1,,
1791211303.014,payment,0,10024.3,1,04046c45-7620-4a9f-9fee-f90e55c464e5,0
1791211303.111,payment,0,10011.1,1,e41463ee-4717-40f2-a851-d2394abe7504,0
1791211303.112,payment,0,10010.7,1,50f58aaa-010d-4ecb-9ed4-2052012e07b0,0
1791211303.203,transcript,200,25.4,1,,
1791211303.204,payment,0,10010.1,1,74eabf26-1aa2-43c6-81f5-6a6d19760788,0
1791211303.272,student,200,6.4,1,,
1791211303.365,student,200,6.1,1,,
1791211303.365,timetable,200,7.4,1,,
1791211303.463,timetable,200,8.7,1,,
1791211303.464,timetable,200,7.2,1,,
1791211303.517,registration,201,6.5,1,,
1791211303.557,registration,201,6.3,1,,
1791211303.624,timetable,200,7.4,1,,
1791211303.648,student,200,7.4,1,,
1791211303.721,payment,0,10043.3,1,25bfe299-52f5-4e2d-8e30-f232a0bfa67e,0
1791211303.762,timetable,200,5.8,1,,
1791211303.855,student,200,9.1,1,,
1791211303.856,payment,0,10004.7,1,de89e8a3-0f08-446f-a869-0923ecb3a9ab,0
1791211303.899,student,200,6.9,1,,
1791211303.954,timetable,200,29.1,1,,
1791211304.0,registration,201,5.9,1,,
1791211304.067,timetable,200,4.7,1,,
1791211304.117,timetable,200,4.9,1,,
1791211304.203,student,200,9.9,1,,
1791211304.204,student,200,9.9,1,,
1791211304.263,registration,201,7.0,1,,
1791211304.364,timetable,200,7.5,1,,
1791211304.365,payment,0,10010.3,1,90fd5e36-07bb-4355-81b6-91a144d6cbe7,0
1791211304.47,timetable,200,8.3,1,,
1791211304.47,registration,201,9.2,1,,
1791211304.593,payment,0,10009.3,1,2741ae7a-39b9-4642-8c9e-0e8a36884e4d,0
1791211304.594,student,200,8.7,1,,
1791211304.597,transcript,200,20.5,1,,
1791211304.648,timetable,200,6.5,1,,
1791211304.716,student,200,6.1,1,,
1791211304.75,registration,201,7.9,1,,
1791211304.803,timetable,200,6.3,1,,
1791211304.907,student,200,7.5,1,,
1791211304.908,payment,0,10048.6,1,622f570b-7497-4b88-b98a-6b5497e2720d,0
1791211304.963,timetable,200,6.2,1,,
1791211305.013,registration,201,11.2,1,,
1791211305.109,transcript,200,22.3,1,,
1791211305.111,student,200,9.4,1,,
1791211305.156,registration,201,8.7,1,,
1791211305.246,transcript,200,15.6,1,,
1791211305.246,payment,0,10010.0,1,2f16e8ff-cf7c-4a64-b4b8-056177c99a97,0
1791211305.323,payment,0,10005.2,1,ba778bc2-cd3c-4621-a41e-9a1cdabe75a9,0
1791211305.349,timetable,200,5.7,1,,
1791211305.421,registration,201,6.5,1,,
1791211305.451,registration,201,5.0,1,,
1791211305.518,timetable,200,5.9,1,,
1791211305.56,timetable,200,6.2,1,,
1791211305.6,timetable,200,5.5,1,,
1791211305.65,payment,0,10003.2,1,13f05901-0ef5-43d2-886c-3ffba2c21f66,0
1791211305.701,timetable,200,7.1,1,,
1791211305.759,student,200,5.2,1,,
1791211305.804,transcript,200,19.8,1,,
1791211305.862,timetable,200,6.4,1,,
1791211305.903,payment,0,10004.4,1,f6a4ce1c-05d5-457f-bc4b-cd64511bb0a5,0
1791211305.963,payment,0,10012.3,1,762e27c3-ee9a-4569-a943-6724e18a5cfc,0
1791211306.014,payment,0,10023.5,1,e9528802-dc11-4af9-bfe7-5a8409c87ab4,0
1791211306.048,timetable,200,6.1,1,,
1791211306.162,payment,0,10084.7,1,8d624421-0b34-4e8c-a6b1-80ae1254a6c3,0
1791211306.163,payment,0,10083.6,1,a773d28d-7e5b-40fd-80b5-c9074351ad14,0
1791211306.199,timetable,200,5.2,1,,
1791211306.263,registration,201,6.4,1,,
1791211306.304,payment,0,10016.3,1,6a07878a-9ec6-4973-892a-cd97f23c801d,0
1791211306.374,timetable,200,5.4,1,,
1791211306.404,student,200,6.7,1,,
1791211306.457,student,200,5.2,1,,
1791211306.514,timetable,200,6.3,1,,
1791211306.621,timetable,200,7.2,1,,
1791211306.622,student,200,6.2,1,,
1791211306.678,timetable,200,9.2,1,,
1791211306.708,timetable,200,4.9,1,,
1791211306.754,timetable,200,5.6,1,,
1791211306.805,timetable,200,6.0,1,,
1791211306.892,timetable,200,7.7,1,,
1791211306.899,timetable,200,5.7,1,,
1791211306.983,payment,0,10009.8,1,3ab603fe-ee9c-45a6-949c-079fb74b8d8f,0
1791211307.013,timetable,200,6.8,1,,
1791211307.051,timetable,200,4.8,1,,
1791211307.115,student,200,4.7,1,,
1791211307.155,student,200,6.8,1,,
1791211307.199,payment,0,10028.8,1,e9000ccb-6122-4ed2-bf30-a17894a06fdd,0
1791211307.31,transcript,200,20.9,1,,
1791211307.311,timetable,200,7.4,1,,
1791211307.349,student,200,4.5,1,,
1791211307.421,student,200,5.5,1,,
1791211307.457,timetable,200,5.1,1,,
1791211307.529,timetable,200,7.6,1,,
1791211307.55,payment,0,10003.1,1,a7748cbe-ad90-4334-a341-d79d1ff639a5,0
1791211307.612,timetable,200,7.6,1,,
1791211307.691,timetable,200,11.6,1,,
1791211307.699,timetable,200,11.3,1,,
1791211307.792,timetable,200,9.7,1,,
1791211307.797,timetable,200,6.4,1,,
1791211307.872,timetable,200,7.4,1,,
1791211307.9,payment,0,10003.9,1,809b02e2-bb52-4f50-9447-b795eb5c279b,0
1791211307.96,payment,0,10059.2,1,c499651c-dbaf-42d4-81d3-b2b8321cdcc7,0
1791211308.023,student,200,5.6,1,,
1791211308.052,timetable,200,4.5,1,,
1791211308.115,student,200,5.6,1,,
1791211308.158,student,200,5.4,1,,
1791211308.2,timetable,200,7.9,1,,
1791211308.256,timetable,200,7.9,1,,
1791211308.298,timetable,200,6.4,1,,
1791211308.353,student,200,5.5,1,,
1791211308.406,payment,0,10003.2,1,0e09b73b-8808-4465-a478-d602c27bebe5,0
1791211308.448,payment,0,10007.1,1,45b0aafd-d8c0-4480-9ca8-d53e6ee7a12b,0
1791211308.516,payment,0,10012.0,1,e4df94fb-a5a3-42e3-a24a-6ae891f77efd,0
1791211308.555,student,200,5.2,1,,
1791211308.605,payment,0,10043.4,1,5e72259d-57ce-46e5-81a1-5feb9e1cce40,0
1791211308.666,student,200,4.9,1,,
1791211308.699,transcript,200,21.7,1,,
1791211308.755,payment,0,10006.7,1,f39fa5fd-d63f-4847-ad45-bfc28921e18e,0
1791211308.81,transcript,200,17.6,1,,
1791211308.875,registration,201,9.2,1,,
1791211308.9,student,200,3.9,1,,
1791211308.96,transcript,200,17.1,1,,
1791211309.013,student,200,7.1,1,,
1791211309.061,timetable,200,5.0,1,,
1791211309.119,timetable,200,4.5,1,,
1791211309.151,timetable,200,4.8,1,,
1791211309.228,timetable,200,10.1,1,,
1791211309.259,registration,201,7.5,1,,
1791211309.32,timetable,200,4.5,1,,
1791211309.352,timetable,200,7.2,1,,
1791211309.405,transcript,200,16.2,1,,
1791211309.469,timetable,200,4.0,1,,
1791211309.521,payment,0,10007.5,1,cd171718-b6e7-4bcc-b58a-47134f5363f9,0
1791211309.554,payment,0,10002.2,1,9dc33c98-d404-49cd-9df0-2f5217b56b20,0
1791211309.6,payment,0,10005.3,1,3e697864-eb79-4217-87ed-f1f83183f8d0,0
1791211309.687,student,200,5.7,1,,
1791211309.704,timetable,200,6.9,1,,
1791211309.755,registration,201,12.8,1,,
1791211309.823,timetable,200,7.2,1,,
1791211309.878,timetable,200,7.0,1,,
1791211309.912,timetable,200,7.7,1,,
1791211309.983,timetable,200,6.3,1,,
1791211310.003,timetable,200,5.4,1,,
1791211310.059,timetable,200,5.8,1,,
1791211310.124,timetable,200,7.6,1,,
1791211310.175,student,200,6.5,1,,
1791211310.199,registration,201,5.9,1,,
1791211310.249,student,200,5.0,1,,
1791211310.298,transcript,200,20.3,1,,
1791211310.357,registration,201,10.3,1,,
1791211310.401,student,200,10.3,1,,
1791211310.45,timetable,200,8.2,1,,
1791211310.498,timetable,200,7.3,1,,
1791211310.549,timetable,200,19.6,1,,
1791211310.605,student,200,5.9,1,,
1791211310.658,timetable,200,5.3,1,,
1791211310.708,timetable,200,4.3,1,,
1791211310.748,registration,201,5.5,1,,
1791211310.799,payment,0,10003.6,1,c3bf8c80-02ca-4418-80aa-1aaeaff9ebeb,0
1791211310.848,student,200,5.1,1,,
1791211310.909,student,200,7.1,1,,
1791211310.958,timetable,200,7.0,1,,
1791211311.008,timetable,200,7.6,1,,
1791211311.064,timetable,200,6.2,1,,
1791211311.104,payment,0,10035.9,1,5ed4225f-0765-4b63-8f6e-45cc71ee2ecc,0
1791211311.179,timetable,200,7.0,1,,
1791211311.198,timetable,200,4.9,1,,
1791211311.249,timetable,200,5.7,1,,
1791211311.312,registration,201,7.7,1,,
1791211311.373,payment,0,10092.5,1,9e545c00-a10e-4960-bd1a-3d936bfe8c35,0
1791211311.4,timetable,200,7.9,1,,
1791211311.457,payment,0,10010.0,1,aa2794bc-6ef2-4ef2-bdb5-39a7de781a35,0
1791211311.538,registration,201,10.3,1,,
1791211311.548,timetable,200,5.6,1,,
1791211311.6,timetable,200,4.2,1,,
1791211311.648,timetable,200,6.9,1,,
1791211311.754,timetable,200,10.4,1,,
1791211311.756,timetable,200,8.2,1,,
1791211311.807,timetable,200,5.1,1,,
1791211311.857,student,200,4.9,1,,
1791211311.904,payment,0,10012.6,1,78dd8f26-e969-4f3d-95ee-a1d6edc15df0,0
1791211311.951,student,200,7.6,1,,
1791211312.0,timetable,200,6.7,1,,
1791211312.12,payment,0,10020.5,1,2e828fa1-9d64-49a6-8717-510a1fca35ff,0
1791211312.121,transcript,200,16.0,1,,
1791211312.15,student,200,6.9,1,,
1791211312.21,transcript,200,14.7,1,,
1791211312.25,timetable,200,6.6,1,,
1791211312.351,student,200,13.8,1,,
1791211312.352,timetable,200,14.0,1,,
1791211312.459,timetable,200,6.2,1,,
1791211312.459,timetable,200,8.6,1,,
1791211312.505,transcript,200,22.6,1,,
1791211312.557,timetable,200,5.7,1,,
1791211312.658,payment,0,10006.7,1,bd249392-dcf7-4ae3-8b43-3e6384d627e3,0
1791211312.659,payment,0,10005.4,1,ffaa8fad-37a2-453c-a931-a82bea49bfa6,0
1791211312.708,transcript,200,21.6,1,,
1791211312.753,student,200,7.2,1,,
1791211312.813,student,200,5.9,1,,
1791211312.864,timetable,200,8.9,1,,
1791211312.945,timetable,200,7.9,1,,
1791211312.946,transcript,200,21.5,1,,
1791211313.037,student,200,7.3,1,,
1791211313.055,transcript,200,19.3,1,,
1791211313.121,timetable,200,7.4,1,,
1791211313.154,student,200,6.5,1,,
1791211313.213,transcript,200,21.0,1,,
1791211313.27,student,200,5.4,1,,
1791211313.307,timetable,200,5.6,1,,
1791211313.356,timetable,200,4.7,1,,
1791211313.405,transcript,200,22.6,1,,
1791211313.459,payment,0,10004.0,1,a7d0a48d-19ff-427c-b9a1-7e486b8a4f9b,0
1791211313.503,timetable,200,4.8,1,,
1791211313.566,payment,0,10084.5,1,75e12265-8990-4494-9963-f338247e69f6,0
1791211313.607,timetable,200,4.8,1,,
1791211313.697,payment,0,10007.4,1,44ce757a-87d9-4157-bdb1-f4fcc854f578,0
1791211313.699,student,200,7.4,1,,
1791211313.764,transcript,200,19.7,1,,
1791211313.799,registration,201,8.6,1,,
1791211313.86,transcript,200,17.6,1,,
1791211313.904,student,200,6.7,1,,
1791211314.006,timetable,200,7.0,1,,
1791211314.006,payment,0,10004.7,1,26b75012-d38e-4f25-9cba-de979392e64c,0
1791211314.061,timetable,200,4.9,1,,
1791211314.126,timetable,200,6.5,1,,
1791211314.219,payment,0,10039.6,1,f37db904-d7d1-47c2-bdcc-e3aae6325477,0
1791211314.22,payment,0,10038.7,1,0fd93279-912e-44e9-aa39-c7a26e9f644d,0
1791211314.257,registration,201,8.0,1,,
1791211314.304,registration,201,7.5,1,,
1791211314.354,registration,201,7.9,1,,
1791211314.4,transcript,200,19.3,1,,
1791211314.455,timetable,200,6.2,1,,
1791211314.507,payment,0,10007.5,1,51cb9dc8-c4d9-4113-a401-3b73e7385c21,0
1791211314.554,timetable,200,7.9,1,,
1791211314.601,timetable,200,7.5,1,,
1791211314.654,timetable,200,7.0,1,,
1791211314.703,transcript,200,15.6,1,,
1791211314.795,timetable,200,8.6,1,,
1791211314.796,timetable,200,8.1,1,,
1791211314.87,registration,201,6.6,1,,
1791211314.955,student,200,6.1,1,,
1791211314.956,payment,0,10005.3,1,8af11722-158e-4566-8530-45b3b32ae98d,0
1791211315.014,timetable,200,5.2,1,,
1791211315.123,payment,0,10027.9,1,fa34d6a7-1c8c-4b0e-948c-22cf50f275ce,0
1791211315.124,student,200,4.9,1,,
1791211315.156,registration,201,6.3,1,,
1791211315.203,timetable,200,5.8,1,,
1791211315.255,payment,0,10008.2,1,6836c2fb-c4a2-4285-8cf1-a560ec42b287,0
1791211315.299,timetable,200,7.0,1,,
1791211315.359,timetable,200,6.2,1,,
1791211315.404,registration,201,5.7,1,,
1791211315.455,timetable,200,6.2,1,,
1791211315.548,timetable,200,9.9,1,,
1791211315.549,registration,201,10.0,1,,
1791211315.647,timetable,200,6.7,1,,
1791211315.647,timetable,200,6.4,1,,
1791211315.698,timetable,200,7.0,1,,
1791211315.785,payment,0,10007.9,1,b384a2e5-e546-4b8b-99ec-2dab10476ecc,0
1791211315.833,payment,0,10005.9,1,6df5ea81-5f82-4941-81fc-1ac4f6474f87,0
1791211315.851,timetable,200,4.2,1,,
1791211315.898,timetable,200,9.2,1,,
1791211315.974,timetable,200,4.3,1,,
1791211315.998,student,200,5.6,1,,
1791211316.053,timetable,200,7.8,1,,
1791211316.139,student,200,5.8,1,,
1791211316.155,timetable,200,5.8,1,,
1791211316.245,timetable,200,7.7,1,,
1791211316.247,timetable,200,6.0,1,,
1791211316.319,student,200,6.9,1,,
1791211316.381,transcript,200,21.1,1,,
1791211316.399,student,200,5.4,1,,
1791211316.472,registration,201,6.0,1,,
1791211316.501,transcript,200,18.9,1,,
1791211316.58,transcript,200,22.3,1,,
1791211316.598,timetable,200,6.4,1,,
1791211316.661,payment,0,10032.6,1,726d5e14-920b-449e-a909-6bdbb44e9628,0
1791211316.698,student,200,9.2,1,,
1791211316.757,payment,0,10045.4,1,6b1a7113-1049-4fce-877f-bba3c3ffc7ea,0
1791211316.798,timetable,200,5.6,1,,
1791211316.875,timetable,200,5.3,1,,
1791211316.898,student,200,11.7,1,,
1791211316.98,payment,0,10012.3,1,d237def4-8e85-41a7-a889-63da09e6b865,0
1791211317.002,timetable,200,7.1,1,,
1791211317.104,student,200,6.6,1,,
1791211317.105,payment,0,10029.8,1,a2048302-be29-43b9-babe-33b5a673281e,0
1791211317.168,timetable,200,7.0,1,,
1791211317.216,timetable,200,16.9,1,,
1791211317.255,timetable,200,5.9,1,,
1791211317.31,timetable,200,4.3,1,,
1791211317.35,timetable,200,6.5,1,,
1791211317.4,timetable,200,7.7,1,,
1791211317.453,timetable,200,6.0,1,,
1791211317.55,student,200,6.8,1,,
1791211317.551,payment,0,10004.9,1,4f7d77fd-99e7-4cd0-bc13-63b69931fc03,0
1791211317.611,timetable,200,4.5,1,,
1791211317.657,payment,0,10008.5,1,6e88fff1-9c70-4166-b037-79637997246d,1
1791211317.708,timetable,200,5.6,1,,
1791211317.76,transcript,200,17.5,1,,
1791211317.817,payment,0,10021.4,1,15aea0b0-9d8b-4f42-be0b-802c3dc426c8,0
1791211317.859,student,200,5.1,1,,
1791211317.903,payment,0,10015.6,1,0c2dcf87-406e-4ee0-bd57-12e5c66e8ef5,0
1791211318.017,timetable,200,10.2,1,,
1791211318.018,payment,0,10012.5,1,18956de1-9c0d-4734-bb2a-dcd63b03ee48,0
1791211318.061,student,200,5.8,1,,
1791211318.1,payment,0,10005.6,1,a1c5ca95-ffc5-40e1-961e-e61af6eac6f0,0
1791211318.159,timetable,200,6.6,1,,
1791211318.213,timetable,200,6.6,1,,
1791211318.253,transcript,200,20.2,1,,
1791211318.341,timetable,200,3.9,1,,
1791211318.357,payment,0,10009.0,1,56572685-b629-441e-8ef3-895c6c92f306,0
1791211318.4,registration,201,8.4,1,,
1791211318.455,timetable,200,6.5,1,,
1791211318.507,timetable,200,4.4,1,,
1791211318.559,timetable,200,4.4,1,,
1791211318.647,timetable,200,9.5,1,,
1791211318.648,payment,0,10009.0,1,172a3124-f1fd-4041-a1b3-a1b25e9afbde,0
1791211318.726,registration,201,6.5,1,,
1791211318.749,payment,0,10047.8,1,bb074f1c-61fa-4bb9-a1bb-5d7eefcb204f,0
1791211318.803,transcript,200,20.9,1,,
1791211318.849,transcript,200,15.8,1,,
1791211318.901,registration,201,7.3,1,,
1791211318.965,payment,0,10020.1,1,a267dc29-7c75-4eb3-af2f-7c120776e306,0
1791211319.026,timetable,200,4.9,1,,
1791211319.062,student,200,5.3,1,,
1791211319.126,student,200,4.7,1,,
1791211319.189,timetable,200,5.0,1,,
1791211319.203,student,200,6.2,1,,
1791211319.252,student,200,6.2,1,,
1791211319.317,payment,0,10005.0,1,e46e0aff-ac74-475b-bb8d-4bc2d0872f11,0
1791211319.39,payment,0,10029.9,1,51d12656-b46b-41f8-afca-c8cbfac10b11,0
1791211319.409,student,200,7.3,1,,
1791211319.449,timetable,200,4.9,1,,
1791211319.502,payment,0,10004.1,1,b9256700-4c92-4d85-8ac2-4fb2e28fcafc,0
1791211319.554,timetable,200,4.7,1,,
1791211319.598,timetable,200,7.2,1,,
1791211319.657,timetable,200,4.7,1,,
1791211319.708,student,200,4.1,1,,
1791211319.761,payment,0,10009.0,1,0e308a55-53bd-43a4-b7f7-674fc395bf88,0
1791211319.808,registration,201,5.5,1,,
1791211319.867,payment,0,10017.6,1,35001d4b-42c2-42ad-9aac-21585c7e0894,0
1791211319.913,timetable,200,11.1,1,,
1791211319.953,timetable,200,6.2,1,,
1791211319.998,timetable,200,7.0,1,,
1791211320.096,student,200,6.7,1,,
1791211320.097,timetable,200,6.0,1,,
1791211320.168,payment,0,10009.8,1,3b2559b6-66dc-43d3-84c4-d2f000e5c336,0
1791211320.206,transcript,200,24.8,1,,
1791211320.334,payment,0,10014.2,1,17f6b943-f5b4-4b9f-918c-2cc434b2f9ef,0
1791211320.335,timetable,200,7.4,1,,
1791211320.362,timetable,200,7.0,1,,
1791211320.415,timetable,200,17.6,1,,
1791211320.448,payment,0,10007.5,1,016651e4-5b3a-4ff0-a3d3-2c8ac06bd903,0
1791211320.499,timetable,200,8.0,1,,
1791211320.548,timetable,200,8.3,1,,
1791211320.599,timetable,200,11.5,1,,
1791211320.681,payment,0,10018.3,1,a731feb5-6abc-4fcd-85ff-1ea6d1997d0e,0
1791211320.768,transcript,200,18.5,1,,
1791211320.769,timetable,200,7.3,1,,
1791211320.8,timetable,200,4.4,1,,
1791211320.89,payment,0,10050.8,1,71abe7fc-540e-498a-a377-6801fc60fa0b,0
1791211320.905,payment,0,10035.2,1,9b1a9e6b-c500-4046-8264-84a3ef81e110,0
1791211320.95,registration,201,8.2,1,,
1791211321.009,timetable,200,7.2,1,,
1791211321.048,student,200,5.4,1,,
1791211321.139,registration,201,6.1,1,,
1791211321.152,timetable,200,7.2,1,,
1791211321.264,registration,201,7.1,1,,
1791211321.264,payment,0,10015.9,1,fcfd5953-f805-4798-9abd-ad813ee5e241,1
1791211321.354,timetable,200,7.7,1,,
1791211321.355,timetable,200,6.5,1,,
1791211321.465,payment,0,10078.6,1,171dd109-84a5-4fd9-9872-769ed8f9c04e,0
1791211321.466,payment,0,10077.2,1,1d736267-07f7-4ce1-b125-76593b15b8c2,0
1791211321.537,timetable,200,7.3,1,,
1791211321.55,student,200,7.0,1,,
1791211321.639,student,200,5.4,1,,
1791211321.648,payment,0,10005.6,1,abf9ea01-99f9-417b-8825-9f3356cf17a9,0
1791211321.749,payment,0,10005.7,1,3386451e-ca96-4a06-baf5-c1628fe88fb0,0
1791211321.75,student,200,5.7,1,,
1791211321.813,timetable,200,5.7,1,,
1791211321.855,timetable,200,5.8,1,,
1791211321.915,student,200,7.6,1,,
1791211321.96,student,200,6.0,1,,
1791211322.0,timetable,200,7.9,1,,
1791211322.068,payment,0,10058.6,1,5df2a0ba-f3d9-4a4f-ab62-c5faaaf8bce5,0
1791211322.139,timetable,200,6.2,1,,
1791211322.154,payment,0,10018.3,1,25bfe299-52f5-4e2d-8e30-f232a0bfa67e,1
1791211322.203,timetable,200,6.4,1,,
1791211322.28,registration,201,6.2,1,,
1791211322.299,timetable,200,7.3,1,,
1791211322.403,payment,0,10007.7,1,6dd9de31-6ad3-498d-8450-2d5d89bfb80f,0
1791211322.404,registration,201,6.5,1,,
1791211322.452,student,200,6.1,1,,
1791211322.511,student,200,4.3,1,,
1791211322.576,timetable,200,5.3,1,,
1791211322.603,registration,201,7.5,1,,
1791211322.649,student,200,8.6,1,,
1791211322.703,payment,0,10010.5,1,bd249392-dcf7-4ae3-8b43-3e6384d627e3,1
1791211322.78,timetable,200,5.6,1,,
1791211322.804,student,200,6.1,1,,
1791211322.889,payment,0,10003.5,1,527f14bf-6ffd-4a5f-bd4c-2822a02336e6,0
1791211322.926,student,200,3.9,1,,
1791211322.956,payment,0,10022.5,1,8ac05001-9cd9-4a54-b9a4-8054fa345b63,0
1791211322.998,payment,0,10046.0,1,ecf71554-0f7c-42da-8919-1ad969ada9f7,0
1791211323.048,timetable,200,7.9,1,,
1791211323.098,transcript,200,17.0,1,,
1791211323.18,payment,0,10040.1,1,daf1faff-ae52-4fcf-9b5d-bd0487c8968d,0
1791211323.211,student,200,4.8,1,,
1791211323.258,timetable,200,5.2,1,,
1791211323.3,payment,0,10053.6,1,b039859d-cd9d-488e-99ce-fd289207bd96,0
1791211323.351,timetable,200,5.8,1,,
1791211323.42,transcript,200,24.7,1,,
1791211323.456,timetable,200,6.6,1,,
1791211323.511,registration,201,8.8,1,,
1791211323.648,timetable,200,11.0,1,,
1791211323.65,timetable,200,10.1,1,,
1791211323.651,timetable,200,7.5,1,,
1791211323.704,timetable,200,5.3,1,,
1791211323.787,payment,0,10003.5,1,889893fe-3c26-487d-974b-26ae6c31d5d5,0
1791211323.809,payment,0,10003.5,1,8375c95a-2b88-4b86-8754-32683713a8c2,0
1791211323.88,timetable,200,7.3,1,,
1791211323.9,transcript,200,22.6,1,,
1791211324.005,timetable,200,7.1,1,,
1791211324.006,timetable,200,6.1,1,,
1791211324.054,student,200,6.4,1,,
1791211324.151,payment,0,10007.1,1,93f8e315-3a53-413e-a8f9-7ff798a90263,0
1791211324.152,timetable,200,9.7,1,,
1791211324.256,registration,201,10.2,1,,
1791211324.258,timetable,200,8.0,1,,
1791211324.387,student,200,7.7,1,,
1791211324.388,timetable,200,7.2,1,,
1791211324.411,timetable,200,6.9,1,,
1791211324.45,student,200,5.9,1,,
1791211324.502,payment,0,10014.6,1,3fcf517c-f082-441e-9292-c0338809dbe5,0
1791211324.618,timetable,200,9.5,1,,
1791211324.619,timetable,200,8.3,1,,
1791211324.663,timetable,200,6.3,1,,
1791211324.708,payment,0,10037.9,1,580d226d-4928-4dc6-9fbd-69a4eba7ca75,0
1791211324.821,timetable,200,6.9,1,,
1791211324.822,timetable,200,6.0,1,,
1791211324.871,transcript,200,19.1,1,,
1791211324.908,timetable,200,4.3,1,,
1791211324.95,transcript,200,15.7,1,,
1791211325.024,timetable,200,8.3,1,,
1791211325.099,timetable,200,9.1,1,,
1791211325.099,student,200,9.1,1,,
1791211325.15,payment,0,10017.5,1,daf1faff-ae52-4fcf-9b5d-bd0487c8968d,1
1791211325.216,timetable,200,7.7,1,,
1791211325.249,student,200,7.3,1,,
1791211325.299,timetable,200,8.3,1,,
1791211325.388,timetable,200,6.2,1,,
1791211325.416,registration,201,10.0,1,,
1791211325.499,timetable,200,8.0,1,,
1791211325.5,timetable,200,7.8,1,,
1791211325.558,student,200,3.9,1,,
1791211325.618,timetable,200,7.2,1,,
1791211325.666,timetable,200,7.0,1,,
1791211325.717,student,200,7.0,1,,
1791211325.791,payment,0,10011.4,1,c4b8feb1-3053-4bd5-b1b5-1d86711406e3,0
1791211325.803,payment,0,10004.2,1,cd171718-b6e7-4bcc-b58a-47134f5363f9,1
1791211325.872,timetable,200,5.6,1,,
1791211325.899,student,200,6.8,1,,
1791211325.953,timetable,200,6.9,1,,
1791211326.013,payment,0,10010.5,1,63505c58-6e27-4869-bbe8-c30a9b93c57c,0
1791211326.048,timetable,200,13.0,1,,
1791211326.15,student,200,8.9,1,,
1791211326.151,transcript,200,26.2,1,,
1791211326.229,timetable,200,6.8,1,,
1791211326.251,timetable,200,6.4,1,,
1791211326.309,timetable,200,4.2,1,,
1791211326.422,payment,0,10019.1,1,e09b480e-3512-4050-b40e-2b076b912a98,0
1791211326.423,registration,201,5.5,1,,
1791211326.45,registration,201,7.3,1,,
1791211326.506,payment,0,10006.6,1,e4cf9fc5-bce1-432f-9471-c2ecb73aac5d,0
1791211326.555,payment,0,10058.0,1,e633ff5f-5259-4296-941c-14f79b4db6dc,0
1791211326.62,student,200,9.0,1,,
1791211326.693,registration,201,5.8,1,,
1791211326.698,payment,0,10008.0,1,e196db41-b91b-4808-a514-018aebab9df9,0
1791211326.801,timetable,200,9.5,1,,
1791211326.802,timetable,200,8.3,1,,
1791211326.86,payment,0,10046.1,1,fbc3df8d-f550-45cb-a4f8-9d3eb8a23068,0
1791211326.903,transcript,200,21.8,1,,
1791211326.962,student,200,5.3,1,,
1791211327.004,student,200,5.7,1,,
1791211327.048,timetable,200,5.1,1,,
1791211327.134,payment,0,10011.5,1,f17a8436-7ee4-4c4c-9eb9-4a0bbd1d9860,1
1791211327.148,payment,0,10006.9,1,f39fa5fd-d63f-4847-ad45-bfc28921e18e,1
1791211327.216,transcript,200,13.4,1,,
1791211327.248,registration,201,5.6,1,,
1791211327.305,timetable,200,6.1,1,,
1791211327.349,timetable,200,7.5,1,,
1791211327.403,timetable,200,5.8,1,,
1791211327.451,student,200,6.3,1,,
1791211327.515,student,200,6.9,1,,
1791211327.549,student,200,7.0,1,,
1791211327.598,timetable,200,7.0,1,,
1791211327.648,payment,0,10016.9,1,2d82a490-b65a-468b-9075-d4fcacb000c0,0
1791211327.72,timetable,200,5.9,1,,
1791211327.748,timetable,200,8.6,1,,
1791211327.801,timetable,200,5.0,1,,
1791211327.86,student,200,4.8,1,,
