scenario,mode,inject_ts,detection_time_s,recovery_time_s,total,successful,failed,recovered,availability,p95_latency_ms,consistency,consistency_reason
app_crash,baseline,1791202601.862,0.2,,1800,1552,248,0,0.8622,10001.5,FAIL,7 payments completed more than once; 7 keys charged more than once by the bank
app_crash,ft,1791202718.586,0.24,0.0,1800,1799,1,0,0.9994,18.0,PASS,all checks passed
db_failure,baseline,1791202831.186,0.1,30.5,1800,1194,606,0,0.6633,18.1,FAIL,"14 payments completed more than once; 14 keys charged more than once by the bank; transcript job running, 0/50 transcripts"
db_failure,ft,1791202946.669,0.15,29.5,1800,1628,172,1,0.9044,18.2,PASS,all checks passed
network_timeout,baseline,1791203059.284,,28.5,1800,1717,83,0,0.9539,5014.7,FAIL,19 payments completed more than once; 26 keys charged more than once by the bank; 75 bank charges without a completed payment
network_timeout,ft,1791203174.928,3.71,41.0,1800,1656,144,0,0.92,17.1,PASS,all checks passed
node_failure,baseline,1791206020.296,0.16,,1800,402,1398,0,0.2233,17142.8,FAIL,"7 payments completed more than once; 7 keys charged more than once by the bank; transcript job running, 0/50 transcripts"
node_failure,ft,1791206136.599,0.23,0.0,1800,1800,0,0,1.0,17.8,PASS,all checks passed
lost_transaction,baseline,1791206248.967,,28.5,1800,1670,130,0,0.9278,17.6,FAIL,19 payments completed more than once; 41 keys charged more than once by the bank; 105 bank charges without a completed payment
lost_transaction,ft,1791206364.261,2.16,33.0,1800,1670,130,0,0.9278,16.1,PASS,all checks passed
high_load,baseline,1791206476.749,,0.0,1800,1800,0,0,1.0,16.2,FAIL,33 payments completed more than once; 33 keys charged more than once by the bank
high_load,ft,1791206592.008,,0.0,1800,1800,0,0,1.0,14.1,PASS,all checks passed
